<?xml version='1.0' encoding='UTF-8' ?>
<timeLogEntries>
  <time id="2" path="/No Proyecto" start="@1600306255000" delta="35" />
  <time id="3" path="/No Proyecto/Analisis preliminar del poryecto" start="@1600308405000" />
  <time id="4" path="/Proyecto" start="@1600308439286" delta="1" />
  <time id="5" path="/No Proyecto/Analisis preliminar del poryecto" start="@1600308441465" delta="127" />
  <time id="7" path="/No Proyecto/Analisis de Requerimientos y division de tareas" start="@1600493587000" />
  <time id="8" path="/No Proyecto/Analisis de Requerimientos y division de tareas" start="@1600493605000" delta="27" />
  <time id="9" path="/No Proyecto/Inicio de Implementacion" start="@1600650104547" delta="182" />
  <time id="11" path="/No Proyecto/Continuacion de Implementacion" start="@1600725793435" delta="432" />
</timeLogEntries>
