<?xml version='1.0' encoding='UTF-8' ?>
<timeLogEntries>
  <time id="12" path="/Proyecto/Planning" start="@1600482071000" delta="120" flag="A" />
  <time id="13" path="/Proyecto/Planning" start="@1600564885000" delta="180" flag="A" />
  <time id="14" path="/Proyecto/Planning" start="@1600635600000" delta="120" flag="A" />
  <time id="15" path="/Proyecto/Planning" start="@1600693200000" flag="A" />
  <time id="16" flag="D" />
  <time id="17" path="/Proyecto/Desing" start="@1600823750000" delta="120" flag="A" />
  <time id="18" path="/Proyecto/Desing" start="@1600896194000" delta="360" flag="A" />
  <time id="19" path="/Proyecto/Code" start="@1600489433602" delta="180" flag="A" />
  <time id="20" path="/Proyecto/Code" start="@1600748634000" delta="60" flag="A" />
  <time id="21" flag="D" />
  <time id="22" path="/Proyecto/Code" start="@1600817034000" delta="180" flag="A" />
  <time id="23" path="/Proyecto/Code" start="@1600889034000" delta="360" flag="A" />
  <time id="24" path="/Proyecto/Test" start="@1600909254000" delta="180" flag="A" />
  <time id="25" path="/Proyecto/Compile" start="@1600824383000" delta="180" flag="A" />
</timeLogEntries>
