<?xml version='1.0' encoding='UTF-8' ?>
<timeLogEntries>
  <time id="1" path="/Proyecto/bank-gestor/PSP0.1/Planning" start="@1600478757714" delta="103" />
  <time id="2" path="/Proyecto/bank-gestor/PSP0.1/Design" start="@1600484942554" delta="13" />
  <time id="3" path="/Proyecto/bank-gestor/PSP0.1/Design" start="@1600532572600" delta="105" />
  <time id="4" path="/Proyecto/bank-gestor/PSP0.1/Design" start="@1600546395460" delta="20" />
  <time id="5" path="/Proyecto/bank-gestor/PSP0.1/Design" start="@1600557212116" delta="31" />
  <time id="6" path="/Proyecto/bank-gestor/PSP0.1/Code" start="@1600797034981" delta="216" />
  <time id="7" path="/Proyecto/bank-gestor/PSP0.1/Code" start="@1600975702139" delta="143" />
  <time id="8" path="/Proyecto/bank-gestor/PSP0.1/Code" start="@1601067858581" delta="140" />
  <time id="9" path="/Proyecto/bank-gestor/PSP0.1/Code" start="@1601155560308" delta="194" />
  <time id="10" path="/Proyecto/bank-gestor/PSP0.1/Code" start="@1601261022011" delta="40" />
  <time id="11" path="/Proyecto/bank-gestor/PSP0.1/Code" start="@1601350062988" delta="163" />
  <time id="12" path="/Proyecto/bank-gestor/PSP0.1/Code" start="@1601396873105" delta="135" />
  <time id="13" path="/Proyecto/bank-gestor/PSP0.1/Code" start="@1601406984029" delta="109" />
  <time id="14" path="/Proyecto/bank-gestor/PSP0.1/Code" start="@1601423331970" delta="160" />
  <time id="15" path="/Proyecto/bank-gestor/PSP0.1/Code" start="@1601432920747" delta="1" />
  <time id="16" path="/Proyecto/bank-gestor/PSP0.1/Compile" start="@1601432989636" delta="28" />
  <time id="17" path="/Proyecto/bank-gestor/PSP0.1/Test" start="@1601434643296" delta="134" />
  <time id="18" path="/Proyecto/bank-gestor/PSP0.1/Test" start="@1601481382444" delta="232" />
  <time id="19" path="/Proyecto/bank-gestor/PSP0.1/Compile" start="@1601497419446" delta="65" />
  <time id="20" path="/Proyecto/bank-gestor/PSP0.1/Test" start="@1601501349540" delta="35" />
  <time id="21" path="/Proyecto/bank-gestor/PSP0.1/Code" start="@1601503472892" delta="98" />
  <time id="22" path="/Proyecto/bank-gestor/PSP0.1/Design" start="@1601509379850" delta="51" />
  <time id="23" path="/Proyecto/bank-gestor/PSP0.1/Postmortem" start="@1601527138583" delta="11" />
</timeLogEntries>
